klic,pivovar,nazev,stupen,alkohol,styl,raw,narazeno,docepovano,dalsi,odhad
vratnice|vratnice 10,Vrátnice,Vrátnice 10°,10,3.9,světlé výčepní,Vrátnice 10° světlé výčepní – piv.Vrátnice,2026-10-02 12:58,2026-10-07 12:58,,
vratnice|vratnice 11,Vrátnice,Vrátnice 11°,11,4.3,světlý ležák,Vrátnice 11° světlý ležák – piv. Vrátnice,2026-10-02 12:58,2026-10-07 12:58,,
trilobit|trilobit 12,Trilobit,Trilobit 12°,12,5.0,světlý ležák,"Trilobit 12° světlý ležák – piv. Trilobit · ABV 5,0 %",2026-10-02 12:58,2026-10-04 18:51,,
radous|radoush stout,Radouš,Radoush Stout,12,5,,Radoush Stout 12° – pivovar Radouš (Druztová) · ABV 5 %,2026-10-02 12:58,2026-10-04 18:51,,
clock|no idols west coast ipa,Clock,No Idols! West Coast IPA,14,6.1,,"No Idols! West Coast IPA 14 °– piv.Clock (Potštejn) · ABV 6,1 %",2026-10-02 12:58,2026-10-04 18:51,,
madcat|sin kitty,MadCat,Sin Kitty,14,7,Sour Ale,Sin Kitty 14° Sour Ale – p.MadCat (Kamenice u Jihlavy) · ABV 7 %,2026-10-02 12:58,2026-10-04 18:51,,
vratnice|vratnice apa kam c ale,Vrátnice,Vrátnice APA Kam”č”ale,10.8,,,"Vrátnice APA Kam”č”ale 10,8° – Vrátnice",2026-10-02 12:58,,,
antos|raspberry sour ale,Antoš,Raspberry Sour Ale,13,5.0,,"Raspberry Sour Ale 13° – p.Antoš (Slaný) · ABV 5,0 %",2026-10-02 12:58,2026-10-04 18:51,,
hoppy dog|goro white ipa,Hoppy Dog,Goro White IPA,14,5.8,,Goro White IPA 14° – p. Hoppy Dog (Vítkovice) · ABV 5.8 %,2026-10-02 12:58,2026-10-04 18:51,,
kristyna|koralek neipa,Kristýna,Korálek NEIPA,13,5.7,,"Korálek NEIPA 13 °– pivovar Kristýna (Hrádek n.Nisou) · ABV 5,7 %",2026-10-02 12:58,2026-10-04 18:51,,
vratnice|vratnice 12,Vrátnice,Vrátnice 12°,12,,světlý ležák,Vrátnice 12° světlý ležák – piv. Vrátnice,2026-10-04 18:51,2026-10-07 12:58,,
cobolis|brut ipa alcatraz,Cobolis,Brut IPA Alcatraz,18,,,Brut IPA Alcatraz 18° – Cobolis (Praha),2026-10-04 18:51,,,
blud|gose ja lovec,Blud,Gose Já-lovec,11,,,Gose Já-lovec 11 °– piv.Blud (Bludov),2026-10-04 18:51,2026-10-07 12:58,,
cestmir|session neipa,Čestmír,Session NEIPA,12,,Superdelic&Mosaic&Galaxy,Session NEIPA 12° Superdelic&Mosaic&Galaxy– Čestmír (Br.n.L.),2026-10-04 18:51,,,
hendrych|h11 grapefruit sour ale,Hendrych,H11 Grapefruit Sour Ale,11,,,H11 Grapefruit Sour Ale 11° – p.Hendrych (Vrchlabí),2026-10-04 18:51,2026-10-07 12:58,,
trilobit|summer apa,Trilobit,Summer APA,11,,,Summer APA 11° – Trilobit (Praha),2026-10-04 18:51,,,
madcat|chaton blanc biere blanche,MadCat,Chaton Blanc Bière Blanche,11,4.5,,"Chaton Blanc Bière Blanche 11 °– MadCat (Kamenice u Jihlavy) · ABV 4,5 %",2026-10-04 18:51,,,
vratnice|vratnice vaclav,Vrátnice,Vrátnice Václav,10,,světlé výčepní,Vrátnice Václav 10° světlé výčepní – Vrátnice,2026-10-07 12:58,,,
vratnice|vratnice kamil,Vrátnice,Vrátnice Kamil,11,,světlý ležák,Vrátnice Kamil 11° světlý ležák – Vrátnice,2026-10-07 12:58,,,
vratnice|vratnice vojtech,Vrátnice,Vrátnice Vojtěch,12,,světlý ležák,Vrátnice Vojtěch 12° světlý ležák – Vrátnice,2026-10-07 12:58,,,
madcat|mango pina coco sour ale,MadCat,Mango-Piña-Coco Sour Ale,10,,,Mango-Piña-Coco Sour Ale 10 °– p.MadCat (Kamenice u Jihlavy),2026-10-07 12:58,,,
hoppy dog|malinois double red sour ale,Hoppy Dog,Malinois Double Red Sour Ale,11,,malina&višeň,Malinois Double Red Sour Ale 11° malina&višeň – Hoppy Dog (Vítkovice),2026-10-07 12:58,,,
