klic,pivovar,nazev,stupen,alkohol,styl,raw,narazeno,docepovano
skjubru fresh lager 11 4 5 svetly lezak z cerstveho chmele zpc,SKJUBRU,Fresh Lager,11,4.5,světlý ležák z čerstvého chmele ŽPČ,"SKJUBRU – Fresh Lager 11°/4,5% světlý ležák z čerstvého chmele ŽPČ",2026-09-29 15:25,2026-09-29 23:37
skjubru jungle juice it brezza luppolata 12 5 9 india pale lager fusion ceres saturn,SKJUBRU & JUNGLE JUICE(IT),Brezza Luppolata,12,5.9,"India Pale Lager (fusion, ceres, saturn)","SKJUBRU & JUNGLE JUICE(IT) – Brezza Luppolata 12°/5,9% India Pale Lager (fusion, ceres, saturn)",2026-09-29 15:25,2026-09-29 21:27
skjubru first step sk hops garden 15 6 3 american ipa eldorado enigma equanot,SKJUBRU & FIRST STEP(SK),Hops Garden,15,6.3,"American IPA (eldorado, enigma, equanot)","SKJUBRU & FIRST STEP(SK) – Hops Garden 15°/6,3% American IPA (eldorado, enigma, equanot)",2026-09-29 15:25,2026-09-29 21:27
skjubru galerie piva to se muselo stout 13 5 6 cokolado malinovy stout,SKJUBRU & GALERIE PIVA,To se Muselo Stout,13,5.6,čokolado malinový stout,"SKJUBRU & GALERIE PIVA – To se Muselo Stout 13°/5,6% čokolado malinový stout",2026-09-29 15:25,
skjubru breakfast of champions 14 6 4 smootie lassi milkshake cernym rybizem malinou jahodou a bananem laktoza,SKJUBRU,Breakfast of Champions,14,6.4,"Smootie Lassi Milkshake černým rybízem, malinou jahodou a bananem !LAKTÓZA!","SKJUBRU – Breakfast of Champions 14°/6,4% Smootie Lassi Milkshake černým rybízem, malinou jahodou a bananem !LAKTÓZA!",2026-09-29 15:25,
skjubru hopfen rebell|hopfennebel,SKJUBRU & HOPFEN REBELL,HopfenNebel,11,4.7,"Hazy Pale Ale (tango, ariana)","SKJUBRU & HOPFEN REBELL – HopfenNebel 11°/4,7% Hazy Pale Ale (tango, ariana)",2026-09-29 21:27,2026-09-30 16:56
cerny potoka|blitzkrieeg,ČERNÝ POTOKA,Blitzkrieeg,15,6.8,American IPA,"ČERNÝ POTOKA – Blitzkrieeg 15°/6,8% American IPA",2026-09-29 21:27,
sibeeria|everyday life,SIBEERIA,Everyday Life,12,5.1,světlý ležák,"SIBEERIA – Everyday Life 12°/5,1% světlý ležák",2026-09-29 23:37,
one hope|two traces,ONE HOPE,Two Traces,11,5.1,"Session IPA (mosaic, idaho 7)","ONE HOPE – Two Traces 11°/5,1% Session IPA (mosaic, idaho 7)",2026-09-30 16:56,
