klic,pivovar,nazev,stupen,alkohol,styl,raw,narazeno,docepovano,dalsi
kmp lezak 73 svetly lezak 12 sv nef 4 8 vol alc 35 ibu,,KMP Ležák #73,12,4.8,světlý ležák,"KMP Ležák #73, světlý ležák, 12° sv. nef., 4, 8% vol. Alc, 35 IBU",2026-10-02 12:58,,
permon|tropical fruit sour,Permon,Tropical Fruit Sour,8,3.8,"kyseláč mango, marakuja, guava","Permon - Tropical Fruit Sour, kyseláč mango, marakuja, guava, 8° sv. nef., 3, 8% vol. Alc, 6 IBU",2026-10-02 12:58,,
zlata krava|farm apa,Zlatá Kráva,Farm APA,11,4.6,American Pale Ale,"Zlatá Kráva - Farm APA, American Pale Ale, 11° sv. nef., 4, 6% vol. Alc, 46 IBU",2026-10-02 12:58,,
nozib oak aged dry hopped saison 12 sv nef 6 vol alc 25 ibu,,NOZIB <-,12,6,Oak Aged Dry-Hopped Saison,"NOZIB <-, Oak Aged Dry-Hopped Saison, 12° sv. nef., 6% vol. Alc, 25 IBU",2026-10-02 12:58,,
permon|hazy citra,Permon,Hazy Citra,13,5.5,Hazy Pale Ale,"Permon - Hazy Citra, Hazy Pale Ale, 13° sv. nef., 5, 5% vol. Alc, 20 IBU",2026-10-02 12:58,,
kasteel rouge belgicky visnovy special 18 tm 8 vol alc,,Kasteel Rouge,18,8,belgický višňový speciál,"Kasteel Rouge, belgický višňový speciál, 18° tm., 8% vol. Alc",2026-10-02 12:58,,
filou belgian tripel 18 sv 8 5 vol 35 ibu,,Filou,18,8.5,Belgian Tripel,"Filou, Belgian Tripel, 18° sv., 8, 5% vol. , 35 IBU",2026-10-02 12:58,,
barista chocolate quad belgian dark strong ale 24 tm nef 11 vol alc,,Barista Chocolate Quad,24,11,Belgian Dark Strong Ale,"Barista Chocolate Quad, Belgian Dark Strong Ale, 24° tm. nef., 11% vol. Alc",2026-10-02 12:58,,
kasteel donker belgian quadrupel 24 tm 11 vol alc,,Kasteel Donker,24,11,Belgian Quadrupel,"Kasteel Donker, Belgian Quadrupel, 24° tm., 11% vol. Alc",2026-10-02 12:58,,
bacchus|frambozenbier,Bacchus,Frambozenbier,14,5,Raspberry Gueuze,"Bacchus - Frambozenbier, Raspberry Gueuze, 14° sv. nef., 5% vol. Alc",2026-10-02 12:58,,
